,city,temp,humidity,clouds,wind_speed,lat,lon
0,jamestown,73.4,100,92,6.82,-19.783967333522057,-3.5076265701978286
1,hobart,-3.5,89,32,11.27,-69.93294996353193,146.25454862826018
2,yellowknife,-18.71,83,36,2.72,85.3159260050871,-111.93335614888831
3,catuday,77.59,100,0,0.47,17.52584228592697,118.04051571168014
4,ushuaia,-7.01,73,44,5.72,-88.11908958100317,-84.7608431649159
5,cuxhaven,30.2,86,75,3.6,54.15687973639734,8.21320531137198
6,chokurdakh,-25.96,80,12,2.47,84.12736372598405,148.82592258506145
7,matara,84.11,96,20,4.92,0.2794665029960868,80.38511781236173
8,hermanus,-12.5,73,32,4.12,-82.52619414753508,-0.46022491302997537
9,rikitea,79.97,100,24,3.77,-25.01202549785792,-131.19812529332654
10,aleksandrov gay,11.44,91,80,1.62,50.36568273235176,48.48853477095514
11,sinnamary,78.49,100,88,4.72,11.469975305469987,-50.5721483944798
12,saldanha,64.67,100,92,4.92,-36.88600020284368,10.364416333685483
13,atuona,79.16,97,12,8.17,0.8468458563103951,-142.5313895637187
14,punta arenas,39.92,95,92,8.32,-61.98333878566103,-96.20241077271295
15,pahrump,45.14,64,64,5.02,37.13292719287975,-116.88604952377676
16,samusu,81.73,100,92,6.17,-2.885248122135934,-162.13784995982297
17,dongsheng,26.96,49,20,6.57,38.385921804798244,109.51171924146706
18,bethel,42.8,92,92,16.62,52.075222304400086,-169.0415319696751
19,flin flon,-30.32,48,20,3.42,58.5236582440636,-102.50884773674905
20,tuktoyaktuk,-12.5,81,48,1.92,79.93836466088152,-129.54606591043517
21,albany,38.57,97,76,7.32,-53.438415169674784,108.37074709737232
22,illoqqortoormiut,-18.58,52,36,0.77,71.65194337395573,-24.233443257719244
23,dukat,-18.26,70,48,2.57,61.384631520836706,154.54670213754656
24,mitu,76.33,92,8,0.87,2.215423422128822,-70.08742644252025
25,kolyvan,-36.4,65,20,3.0,55.391467512481995,82.81070073900986
26,finnsnes,35.69,100,56,6.82,71.21947677484036,17.573381345576053
27,hilo,75.11,100,76,5.37,15.66144062966491,-153.77503716597738
28,marawi,56.53,33,0,5.27,20.40505056964625,32.94806348595495
29,mys shmidta,-5.03,83,64,5.12,88.89413115246532,-177.80309134074497
30,padang,79.93,100,32,2.52,-4.350847163154285,91.68282083294247
31,naze,60.89,100,0,4.37,28.012283545039764,131.4859578844173
32,puerto ayora,77.9,99,88,7.62,-2.756482560301393,-112.2393476928229
33,praia da vitoria,51.44,100,88,9.32,47.49692382095563,-24.150556854830825
34,kodiak,43.48,100,0,4.42,46.43562742723742,-160.30497179634907
35,jinchang,17.92,75,36,3.72,40.02876055696933,102.07309523002016
36,chuy,32.59,99,80,7.92,-61.05507431456117,-23.260558147297672
37,bredasdorp,61.07,100,0,3.87,-39.959624048098725,21.998270162743438
38,kapaa,69.22,100,64,7.17,26.671230486944495,-174.01910004411175
39,saint anthony,8.69,100,44,13.17,56.896995345973835,-56.17959483635482
40,arraial do cabo,53.06,100,24,9.87,-44.92622603359819,-21.96150544822055
41,mataura,53.47,100,76,12.57,-46.268570820863154,-141.96483327091622
42,sur,74.12,100,0,6.82,19.907993302763458,63.77887736634065
43,newport,-0.47,82,1,2.1,44.813039139858176,-72.36304329514735
44,camacha,60.89,100,0,8.82,36.35634642608197,-15.928604675156947
45,griffith,88.3,72,0,5.32,-34.196878072723074,144.93695610053862
46,savannah bight,76.01,100,88,3.32,18.44515486337602,-84.48825278870758
47,faanui,81.5,100,48,8.17,-5.394569666726781,-149.7329696802416
48,kamenskoye,14.81,78,88,6.72,62.94026211898273,164.47730888004634
49,nefteabad,29.39,83,48,0.72,40.26668091943333,70.66580652351237
50,upernavik,-29.96,50,0,6.02,83.55217462514324,-48.28574485176168
51,souillac,39.11,100,88,4.87,-51.20273942769995,72.27066426332127
52,torbay,51.17,100,92,6.17,44.31125269437666,-42.91928587154959
53,hithadhoo,77.45,100,92,4.42,-10.676498289827734,77.3428816763423
54,joshimath,-11.69,60,0,4.22,34.78117580141907,83.1519852026903
55,alta floresta,76.42,91,32,0.82,-9.41639963426897,-56.265661232859486
56,jackson,11.21,83,1,2.6,42.48327684160731,-110.78008963506733
57,vaini,74.35,100,0,5.57,-27.643997496145666,-179.80157701665235
58,alofi,75.52,100,0,4.87,-25.202289927462957,-166.23873693774104
59,novikovo,19.72,100,80,15.17,46.713680134685234,144.99214518823266
60,tibati,63.82,68,0,1.32,5.878266822885649,12.46681790839375
61,ukhta,-7.55,62,88,2.77,64.259718490511,53.469673282144555
62,bosaso,76.37,100,0,3.52,12.32704296532971,49.143499261387205
63,gayeri,62.69,55,0,1.32,13.262578349467773,0.43121821064030996
64,port macquarie,72.37,100,100,11.32,-34.22047371966723,160.97823259316857
65,burnie,58.24,100,0,1.67,-42.39404516444506,142.10946543763055
66,avarua,79.03,100,0,5.57,-18.699390032581007,-157.8311686784665
67,aksu,-5.75,71,80,4.02,50.87661640565693,77.41244214821234
68,batagay,-48.91,0,24,1.32,66.91532307343954,137.6655440958495
69,auki,83.17,100,88,10.32,-5.1284368444692205,163.97538074071883
70,ganzhou,60.17,80,24,1.42,26.04640732867186,115.61495134385274
71,castro,49.64,87,92,14.47,-52.15130790382448,-91.74589995639369
72,hoima,61.07,74,0,1.42,1.3659204000084628,31.107183020521262
73,taolanaro,64.99,98,48,5.72,-39.24860736936069,52.32282502276348
74,new norfolk,1.67,89,0,4.77,-68.95379945769137,130.22113816555492
75,vila velha,77.81,100,92,7.77,-29.470450856191157,-24.037383435152464
76,tsihombe,64.85,100,76,7.07,-38.128093301645094,42.745641361086086
77,ijaki,85.01,100,76,3.57,-2.7748609801380297,174.8995342672647
78,yantal,-25.55,36,32,1.87,55.84499786405695,105.05042136056989
79,tecoanapa,81.28,100,0,3.87,16.21714138840001,-98.70349931680049
80,barbar,64.76,52,0,4.27,18.91854813386088,34.26885943877002
81,katsuura,76.55,100,0,4.42,19.25263303538182,148.57460272256503
82,airai,81.1,98,12,11.07,12.001159781288763,140.49558100399673
83,port alfred,34.39,98,80,5.47,-60.84043816781882,35.432963239185284
84,banda aceh,81.32,100,36,3.52,3.1439785858829907,90.94172236804377
85,dourbali,67.15,44,0,2.77,11.98874508841702,16.135249488812235
86,uige,65.84,98,44,1.32,-7.215483090952233,15.745991307508518
87,ovalle,64.9,100,0,7.67,-31.181762323030938,-74.11050461508482
88,santa barbara,50.81,40,88,1.87,27.197233775319432,-105.94458304203802
89,tilichiki,33.04,97,88,13.57,59.545568745266905,166.12762039837372
90,sibolga,83.21,100,76,1.77,-0.06021367460648719,96.33828628744652
91,carnarvon,70.7,100,24,12.42,-30.193238336701015,87.1688076204677
92,bluff,-26.68,55,20,1.62,-86.82226314315078,168.52089573673243
93,saskylakh,-18.85,83,44,4.32,84.56960173962284,112.64736542246823
94,east london,34.52,100,92,5.47,-57.743161250717385,43.08157794061859
95,toul,37.76,100,90,1.0,48.87535810266132,5.824722189429735
96,devgarh,44.29,93,0,2.42,25.534962204391775,74.11279195436978
97,tautira,82.72,100,24,7.47,-18.330456294087696,-144.6885071475415
98,karasjok,6.8,77,0,18.0,69.4682680936152,25.26980890703058
99,beachwood,25.61,100,8,5.07,39.5447242350437,-73.59319823348565
100,cape town,37.45,94,92,8.27,-53.36450187370416,-7.135755763549014
101,esperance,46.31,100,64,12.07,-49.294780232412535,124.37128600744313
102,khatanga,-17.63,79,24,4.82,79.53599734368024,107.34070352128384
103,mar del plata,18.32,88,88,0.77,-74.39672897543535,-19.016428853722942
104,fenyi,56.57,78,44,1.62,27.757364765331232,114.67539277623382
105,sambava,82.54,100,56,4.67,-13.694034413342635,51.98281592318648
106,atambua,84.43,82,44,4.22,-7.706296932644037,125.77789075593876
107,maceio,78.85,100,36,6.02,-15.439930231106104,-28.12162764697436
108,alyangula,85.01,100,48,12.82,-15.246367073561103,137.80074644396547
109,tateyama,60.85,100,0,6.52,30.038431730515256,141.5815027044668
110,keti bandar,61.16,100,0,10.27,24.15487459832019,67.1308301642263
111,pevek,-7.06,77,48,0.77,75.77969280486047,171.13574668751068
112,saint-joseph,73.18,100,92,9.52,-30.342252051338015,56.41576771221952
113,klaksvik,33.26,94,76,5.22,73.6187867722629,-4.81970121599295
114,san cristobal,82.67,100,68,2.97,3.538988193347592,-86.31207483371549
115,te anau,62.38,100,0,1.77,-42.88417473881582,159.9507054104817
116,nanortalik,41.9,100,92,12.17,48.927455582681716,-40.38239737975036
117,cherskiy,-22.04,62,80,1.57,66.60110070966374,162.08899597043347
118,andrews,58.59,54,40,2.1,32.59031968363166,-102.42246825276013
119,attawapiskat,-7.01,91,68,10.67,55.25419843270606,-79.23450141137347
120,clyde river,-6.11,87,44,13.67,69.83117464554118,-65.6127851019591
121,abha,45.86,92,0,1.27,18.680133283150838,43.36391915771185
122,ancud,62.83,99,20,4.82,-39.53855852755564,-94.17768449830082
123,butaritari,82.49,100,36,6.97,2.3820595907165227,166.26577694359463
124,imbituba,79.79,97,0,3.77,-30.767415737956604,-42.37268003230835
125,boli,17.29,57,48,1.62,45.68320333383133,130.14988175071505
126,virginia beach,54.55,100,88,10.47,36.95123000482852,-73.444934829684
127,dikson,-14.08,66,48,9.27,81.4275254762112,88.03610227751892
128,boguchany,-27.62,42,36,2.57,58.24821239477646,96.11466229714995
129,thoen,76.69,69,36,1.32,17.941323443845135,98.72061283756841
130,tiksi,-14.21,88,24,8.72,81.17857353633417,126.78982026562915
131,green river,28.4,63,1,3.6,41.07993525986518,-110.12830253303379
132,saint-philippe,35.74,98,76,11.12,-56.95200741971069,68.99128265747308
133,iqaluit,0.59,83,56,7.47,65.59683362520596,-74.9971765339712
134,panzhihua,59.14,38,0,1.07,26.618668909859423,101.26703695752002
135,busselton,42.22,94,88,13.57,-50.14505521846084,96.55349444064285
136,laela,58.01,94,48,1.17,-8.869816666611328,31.792484428490354
137,price,16.84,85,1,2.6,40.13206894488388,-110.02313188718549
138,axim,80.69,100,76,4.67,-2.6039687995922947,-1.8348245810057335
139,mossendjo,70.79,98,92,1.17,-2.662169574031836,12.232901773492728
140,cabo san lucas,78.85,100,80,5.02,11.756849783695884,-117.99858068270746
141,sao filipe,79.12,100,44,5.72,5.5592335926177014,-26.866968802488174
142,broome,87.8,70,40,5.7,-17.12358425810946,123.2566781858049
143,fukuma,42.04,100,8,3.57,35.142358217344054,129.82040114491394
144,solnechnyy,-10.25,61,48,1.42,62.275035422194804,138.392648933224
145,impfondo,74.12,87,8,1.77,2.212920955139893,18.570794323206258
146,ribeira grande,69.94,98,0,2.42,29.65509082550929,-43.643024620470044
147,hambantota,84.92,97,12,4.67,-2.6982199632835346,87.48844206831632
148,hasaki,70.39,100,80,8.37,25.424835431225887,154.49543212308515
149,palabuhanratu,80.74,100,12,1.57,-12.972038949872939,103.1608735977972
150,soyo,81.64,100,36,4.22,-8.031123686388469,8.774564118328897
151,fortuna,56.08,100,36,13.82,34.75085893241523,-138.30430060087585
152,chagda,-26.09,38,68,4.22,58.55096226624829,132.3467901198004
153,kaitangata,27.59,100,88,5.72,-79.4527415691897,178.767849915409
154,twin falls,16.16,67,24,2.72,41.806157480373116,-114.29951697682307
155,almeirim,78.44,84,44,2.12,-1.2549711401955363,-52.38270087604316
156,amderma,-13.94,65,48,11.92,86.15729384921536,65.11893085716972
157,teya,-32.98,58,24,1.22,61.63307020642503,90.73296225713
158,shitanjing,21.52,68,80,5.42,39.842551963701595,104.56793283875908
159,coolum beach,77.72,85,92,3.87,-26.336995527626662,152.9444964513903
160,khandyga,-40.4,77,20,1.17,64.58107317596435,134.68721691105344
161,tarudant,53.65,61,0,5.82,28.58476550112904,-7.256777054219185
162,gbadolite,70.79,88,20,2.07,4.240611152439371,20.812569281938522
163,vila franca do campo,54.41,100,76,3.92,44.579441659584916,-19.971280590723353
164,tasiilaq,25.84,100,92,15.57,64.87233128644084,-38.64035485002947
165,norman wells,-23.48,100,0,2.52,70.72029707254691,-120.52711313394856
166,camocim,77.14,100,88,4.87,1.518200020599778,-40.64758434715887
167,aykhal,-35.05,65,48,4.27,68.22515488405313,108.21115773802723
168,bolungarvik,-42.56,0,0,1.62,70.12063451869929,-29.776533307347876
169,santa lucia,63.73,99,12,6.47,24.675996665205645,-15.905282439227477
170,kedrovyy,-36.53,72,24,1.37,57.42091105703494,79.20530493494255
171,baykit,-37.21,71,20,1.17,62.22446683720415,97.62967822513554
172,saint-louis,69.04,100,0,9.42,17.567218309108853,-18.915346874415206
173,bandarbeyla,78.13,100,92,7.32,6.546874504618117,55.374453823510635
174,waipawa,60.04,100,8,8.62,-43.87315498078689,179.10392549960596
175,bathsheba,74.75,100,76,7.62,17.292988163576823,-47.92328439571506
176,kahului,63.64,100,8,8.62,29.35033370738776,-148.53989042782268
177,nizhneyansk,-25.51,39,12,0.72,86.05062325896705,135.44480451938324
178,yunyang,37.0,90,0,1.12,33.72719542289242,112.22636460149829
179,jadu,59.59,40,8,6.22,32.15928576875565,12.156211006437019
180,pierre,36.32,88,1,1.5,44.21259297747142,-99.33235446920462
181,port elizabeth,34.07,100,88,3.02,-59.819817933263096,28.675352960824853
182,saleaula,81.59,100,8,7.07,3.3323882223490386,-168.28253912212986
183,pacific grove,62.24,100,20,11.52,28.741013078788896,-131.30053630005358
184,pimenta bueno,77.95,89,12,0.92,-10.798416157451541,-59.64531213590239
185,beloha,66.2,100,92,5.27,-34.8804048142352,41.034979667770216
186,kaoma,63.37,98,8,3.12,-15.753526889081527,25.31331923706955
187,havre-saint-pierre,8.2,82,48,10.02,49.44564229824235,-61.985801735303866
188,skive,33.8,86,88,4.1,56.5536320271635,9.037787136294241
189,hualmay,71.69,100,76,5.37,-23.16875335636459,-96.88325362802962
190,provideniya,51.04,86,92,16.52,42.07582019627239,-175.8668444160986
191,aswan,44.06,51,0,2.07,22.65051484172905,28.79235203743005
192,lazaro cardenas,81.55,100,44,6.32,11.636718526810427,-105.35518920177013
193,belmonte,80.6,100,20,6.37,-18.181589021519528,-29.259220955676994
194,lebu,63.73,100,92,6.82,-37.07515586926837,-85.80487217831842
195,carupano,77.45,100,0,8.17,10.527089061620714,-63.604107013662784
196,codrington,72.14,100,92,5.87,24.439862796449802,-44.13681709494017
197,kawalu,80.83,100,48,2.57,-7.802244127662092,108.04868771249306
198,toccoa,43.07,30,1,1.5,34.80006665394555,-83.41045179008059
199,athabasca,-5.48,52,80,2.62,56.03547407673341,-112.43306772871355
200,salisbury,24.91,84,90,5.1,37.70524240600004,-74.92004394867818
201,rocha,68.0,100,68,10.07,-39.27186585112757,-50.86317554360241
202,oranjemund,69.62,100,64,10.92,-31.343065869772317,11.651880726955198
203,mount gambier,44.47,96,32,12.87,-52.660785730238175,132.00589618944008
204,chaiya,80.83,100,20,1.0,9.424440117537245,98.9455202135108
205,negombo,73.4,88,20,3.6,7.581722054172616,79.59750210635025
206,kazalinsk,14.23,86,0,4.37,45.26906046929341,62.47166017134575
207,beyneu,8.96,79,0,4.47,46.0089807927005,55.49768722953729
208,grand river south east,81.5,99,32,10.42,-18.254898402395824,74.28455117316011
209,namatanai,84.2,100,80,6.17,1.198605684868653,155.19040130274487
210,kyzyl-suu,-18.44,56,8,1.17,40.65110618945752,77.88603544990235
211,sentyabrskiy,57.34,100,44,15.77,34.23972596849522,155.89147887687938
212,karakendzha,13.91,91,88,0.57,38.43418829479194,71.36015609212748
213,khasan,36.86,81,0,5.17,42.16726303147678,130.20299748251426
214,ossora,31.1,93,92,8.62,59.72505748005375,163.99579917362507
215,marana,50.27,70,0,2.32,32.02160083794064,-111.8017003769009
216,pitimbu,81.59,100,100,5.27,-7.52273078614769,-26.761314017041144
217,biltine,61.03,37,0,4.17,14.593915307432212,21.91289237558908
218,barbalha,71.38,86,80,1.32,-7.465611754844133,-39.19426357273346
219,makakilo city,77.68,100,76,4.77,12.676099616342029,-163.56836190810384
220,opuwo,59.9,76,44,1.17,-17.544552750343996,12.322338649666989
221,nago,58.82,100,0,4.77,28.986437955546748,126.27967139468586
222,hamilton,66.02,100,12,4.82,30.614368642153067,-64.30495648750497
223,matamoros,72.14,100,32,4.57,24.828610865271926,-94.69507706779241
224,marsh harbour,73.4,100,8,9.37,27.261452102761268,-76.37671247751506
225,mayo,-31.0,73,5,1.27,63.225155473534954,-136.66534631666565
226,solovetskiy,7.75,75,44,2.77,66.40918499722699,36.9508907566082
227,emerald,79.84,52,92,7.82,-23.85814049243912,146.877256638471
228,evensk,18.82,84,64,12.47,61.16252999154932,161.53707647500005
229,ahipara,68.77,100,0,8.27,-35.15385294497149,171.9965355107227
230,sitka,46.63,100,76,6.57,44.08201182079799,-143.32677565356636
231,de-kastri,11.8,61,36,6.62,50.459656773685,140.41041889645606
232,petropavlovsk-kamchatskiy,35.87,100,68,18.37,45.48300207708931,163.76739114595853
233,mandurah,66.97,100,44,9.67,-32.48433899874839,115.0427913854619
234,severo-kurilsk,42.44,100,88,13.82,41.104834479311506,165.86599204327433
235,loandjili,79.52,100,76,3.77,-4.756950096437308,11.654569256309031
236,beringovskiy,35.65,100,68,8.97,53.5536893975665,179.4365206060143
237,bengkulu,78.04,100,0,4.97,-17.35367598560191,88.39023839063634
238,pantai remis,78.8,83,75,1.0,4.585247770755473,100.76155164299405
239,rungata,82.22,100,88,4.87,1.2368966502951508,179.13864056980992
240,meulaboh,83.21,98,76,4.02,-6.815011671880484,87.12479801899985
241,urumqi,14.0,85,75,2.0,43.608537251185766,87.99793675150272
242,lavrentiya,0.64,74,0,6.37,69.40493186885237,-168.40100469994493
243,florencia,75.11,78,56,1.97,10.613912738975003,-84.46899852267023
244,hovd,6.62,69,36,5.72,43.83302498448228,99.89821458647322
245,mandera,59.14,66,0,1.67,4.831977684034172,41.15799144741001
246,toliary,82.31,98,0,5.72,-22.775418536677776,40.17858067414517
247,atar,49.15,75,32,2.52,20.8052420532578,-9.981605541372602
248,fairbanks,-23.98,33,0,1.42,65.07642119281803,-145.17607755476325
249,izumo,46.49,100,0,5.62,37.44094365530658,131.17212693709928
250,taybad,34.12,78,48,0.77,34.57564152320822,60.170120126448325
251,yerbogachen,-44.27,0,36,1.07,65.34814233679543,106.53403291909592
252,puerto narino,74.62,97,44,1.22,-2.727320061474785,-71.01831683143483
253,nikolskoye,39.29,100,48,15.57,44.49096065952955,166.80013690911164
254,fernley,49.8,56,90,3.6,39.43154680105951,-119.14062872043769
255,eureka,50.99,100,76,13.47,41.61487995195719,-137.37641850290908
256,samarai,79.16,100,92,2.72,-13.128143758841404,153.60794725052045
257,kysyl-syr,-39.5,84,24,2.57,64.8656858916134,123.6565343863627
258,thompson,-17.23,50,24,3.62,54.749044559718925,-93.70167889975468
259,puerto baquerizo moreno,80.02,100,48,1.27,3.433698119119981,-88.96809481471679
260,umm lajj,73.54,100,0,8.37,23.715627991297353,37.11754123498642
261,dingle,47.08,100,64,4.27,51.87086261611756,-21.12368548159037
262,murray bridge,84.07,46,0,2.07,-35.45840241251797,140.83913388116775
263,sheridan,29.62,73,0,1.82,45.57936626257302,-107.40108158865
264,luganville,82.27,100,88,7.27,-14.8929428909709,164.9159945251314
265,gazli,41.0,93,90,2.1,39.904650064870395,63.70512051115696
266,kankon,80.87,100,0,4.92,13.995280619559892,72.04147429381595
267,port augusta,95.72,29,0,3.22,-32.1426746250541,137.17115289783584
268,umm kaddadah,63.05,23,0,6.02,13.901535427099105,27.727791176500318
269,dwarka,73.63,100,0,8.92,21.23116809779488,65.97204663889002
270,tirumullaivasal,78.8,100,48,6.17,11.165125490678946,81.12414874796337
271,olafsvik,32.9,100,44,8.27,64.52452204204081,-24.998530334402375
272,noumea,76.15,100,76,8.17,-25.801640092437438,165.4514132933234
273,luoyang,35.83,95,68,2.87,35.04969158874462,112.39467370122162
274,mitsamiouli,82.76,100,44,4.62,-7.2723603902113325,46.97266622695676
275,hervey bay,78.49,100,88,9.42,-23.35051932088365,155.8524801180012
276,barentsburg,13.15,58,32,4.22,78.91153422623219,12.054511896913283
277,narsaq,-0.4,99,36,6.62,74.43792091017812,-64.68599826032434
278,kavaratti,76.46,100,76,6.62,11.0061880007855,64.05900474567574
279,ponta do sol,73.0,100,80,7.12,23.196657938856845,-42.209184382405
280,magangue,84.34,65,8,5.92,9.27603567417303,-74.83020135595356
281,kavieng,82.45,98,0,8.52,10.488646528995801,152.33102288225052
282,vanavara,-35.72,66,24,1.67,60.61866849086189,100.81785812121257
283,srikakulam,75.92,100,0,2.72,16.131741647093463,85.5355399730957
284,marigot,75.2,69,20,3.1,18.171797991580718,-63.513702612805474
285,richards bay,75.79,94,48,2.92,-31.875936562602696,39.16740097852451
286,honiara,83.08,100,12,3.87,-12.04583592993282,158.6032110882457
287,karaul,-25.78,40,20,3.92,70.72630855222653,84.77623618614354
288,kanniyakumari,81.41,100,92,6.67,4.996055088712112,76.84494739915226
289,guaymas,66.2,88,40,0.72,27.807882875783392,-110.87850011768255
290,berdyuzhye,1.99,79,80,2.22,55.834230592424035,68.45894539968327
291,kulu,24.62,81,0,1.07,39.199562270202335,32.49390034106514
292,griffin,48.31,56,1,2.22,33.164039244952704,-84.10286486891198
293,qaanaaq,-28.25,45,44,1.17,78.2180481831372,-90.11039052101525
294,barrow,-28.34,45,0,1.52,69.31948601215441,-159.13103434977177
295,lazurne,41.45,100,0,0.87,45.712676033182646,32.16804007736073
296,san isidro,81.82,98,64,7.07,5.853953799206607,129.5559763773465
297,mirandopolis,75.25,83,8,1.27,-21.101172881520924,-51.03967440874575
298,srednekolymsk,-15.02,69,20,10.02,72.71960379177804,155.7113709926403
299,ucluelet,46.94,92,90,3.1,48.33196199659929,-125.13336823070247
300,sao sebastiao,82.22,100,0,6.92,-24.617818691250548,-45.330216017738906
301,iwaki,37.4,64,40,7.7,37.07427994269659,140.92947664321161
302,leshukonskoye,-1.03,100,76,10.97,68.64673015223798,47.794922140601926
303,longyearbyen,-19.25,85,24,5.67,88.63476693699985,20.427267967772508
304,praia,76.1,100,12,6.92,10.464411465704657,-23.233888996561973
305,novorzhev,31.37,95,92,2.52,57.298333974955085,29.57497196140139
306,colombia,66.43,77,8,0.77,3.092755278991305,-74.66554880809814
307,nome,19.9,92,92,11.32,63.66398563186354,-167.59478499745475
308,barabai,79.34,92,92,1.62,-2.740522110050904,115.17909159195625
309,tessalit,47.75,46,0,2.12,22.81074963569992,0.7716536954365267
310,mattru,80.02,100,80,5.12,4.144103984076779,-14.086923884483753
311,sarkand,-14.84,65,0,0.97,46.60323403860855,79.79698336090217
312,polyarnyy,28.72,100,20,8.62,71.71830173348897,34.89206378439576
313,bundaberg,84.2,58,75,7.7,-25.039753178081966,152.63366318868935
314,kushima,51.8,53,20,5.1,30.788292005865728,131.2569371093379
315,poli,63.82,67,0,1.37,8.119726854220929,13.543105068907408
316,kununurra,107.69,23,0,4.17,-20.172113427771293,126.69674871720196
317,kloulklubed,80.92,100,20,6.37,9.153495759392712,130.992399812261
318,flinders,91.94,25,0,2.67,-30.408014607867543,129.56240738909128
319,goderich,81.19,100,0,3.22,6.937819640652151,-14.408134257965372
320,sayat,43.3,94,92,0.87,37.345126041315396,63.62863908137783
321,rawson,47.66,100,80,2.67,-50.76271688061487,-57.604175584307654
322,vrangel,36.32,100,0,3.32,40.137183395252805,132.85104934790337
323,charlestown,74.8,100,92,9.02,16.368238338957823,-63.333971665795346
324,victoria,83.44,100,44,7.17,-2.819869132926371,63.53821943521663
325,jinji,62.87,91,88,1.57,23.05237071008942,110.76147778783024
326,sioux lookout,-22.22,65,24,5.27,54.93089173782849,-92.54903553147908
327,luderitz,68.72,100,76,0.42,-31.879468643597484,0.9533072271444496
328,hirara,72.82,100,0,7.62,22.478902106519357,127.42579004377302
329,santa rosa,65.53,34,0,4.32,-36.58467672798649,-64.5746596160484
330,henties bay,71.02,100,92,7.07,-22.812266450174704,5.866125950475322
331,tres arroyos,69.4,98,0,6.57,-38.73456019252998,-59.56645836032823
332,afyonkarahisar,22.37,80,0,1.17,38.97178978744972,30.2399478863627
333,kruisfontein,34.3,100,80,4.07,-62.04643241693998,27.299888995787256
334,beisfjord,-16.46,65,64,1.22,68.03861467043907,17.868875347467934
335,guicheng,62.15,99,80,1.67,23.482015687029488,109.84397325598508
336,geraldton,69.67,100,92,11.47,-29.158660558175093,109.60482123116833
337,kabo,69.13,68,0,1.32,7.293948305381576,18.96231163257937
338,buqayq,57.79,95,92,0.82,26.515106316699246,48.78070348758146
339,fevik,28.4,86,92,5.7,58.19569602740833,9.089419138743267
340,kieta,84.2,100,8,5.97,-2.0538419427956427,159.81586489940753
341,ilulissat,-47.69,0,0,7.62,73.36907621723753,-42.852443817673844
342,vaitupu,80.96,100,80,6.92,5.764369584502347,-177.02430031540598
343,ilinskiy,17.29,89,92,2.52,58.697064675597176,55.377496280093254
344,sibu,81.1,95,64,6.82,5.7177697726574195,109.23380491059498
345,salmas,32.0,100,40,1.0,38.022914712399825,44.73555578083261
346,vallenar,66.43,100,0,3.57,-27.857778277360858,-73.68551514299222
347,quelimane,79.25,100,56,3.22,-18.6315105258805,37.07222524396727
348,wajid,72.73,50,0,4.62,3.40161481649875,42.71509483009663
349,kupang,81.64,100,36,9.97,-10.646510174999463,124.19607401310373
350,karamay,-0.17,68,56,1.02,46.36263683240415,84.02176585103234
351,lashio,63.82,74,0,0.62,23.040737740617914,97.30817987906784
352,grindavik,43.75,100,88,9.57,56.41878698307508,-23.754441572234157
353,georgetown,78.67,100,20,3.67,-2.3448563539025713,-13.461255112843617
354,nelson bay,74.53,100,88,11.57,-33.584225727858296,154.15450910727645
355,jiaojiang,62.15,94,76,5.52,28.48940633447819,122.48274597148725
356,namibe,77.09,100,100,3.42,-11.050974722452935,5.88117971272797
357,lompoc,62.6,97,92,14.02,30.8729604005068,-126.40078458249594
358,sao raimundo nonato,78.8,49,64,2.82,-9.678313921407579,-43.14378194621676
359,xinzhou,24.8,53,12,1.0,38.096130036990075,112.85602835510173
360,grand gaube,83.53,100,0,1.67,-13.256360836953363,66.26282728824904
361,kuminskiy,-6.29,74,76,4.37,58.46056742495023,65.9952091822301
362,bandar-e lengeh,73.0,98,64,8.82,25.767448349869227,54.14298413843795
363,marzuq,37.99,71,0,1.32,22.753876290699168,15.315240414147837
364,havre,24.98,84,1,3.1,48.312689489991925,-109.33792108749022
365,heihe,-13.0,62,0,2.07,50.53151477015538,126.94460440994493
366,ilam,33.8,86,0,2.1,33.93590598957883,46.07898387617308
367,jiwani,74.57,100,0,5.32,23.59349695131533,61.33540703981308
368,verkhoyansk,-51.61,0,32,0.17,68.0751105512494,133.13970001264596
369,pont-a-mousson,37.76,100,90,1.0,48.86651022251144,5.886178000728961
370,wagar,68.0,83,0,6.47,16.2466423168826,35.73102976414839
371,college,-14.89,83,20,8.7,70.5656127447763,-148.66839806434024
372,amahai,83.66,100,8,6.72,-3.9042073036778646,128.9086312381316
373,port hedland,97.52,13,0,4.27,-25.386018766789604,121.7903123746135
374,arusha,59.0,93,20,0.62,-3.873874326627913,36.460864596208864
375,vardo,-12.59,81,76,6.12,89.80387773928251,36.32197965689582
376,hellvik,39.29,100,76,9.17,57.099710654239544,5.376468313660382
377,okha,27.59,100,92,17.62,55.21033047896418,147.56712224243938
378,carballo,51.67,100,36,13.47,45.66473456237492,-11.269707891948059
379,parkes,88.7,45,76,3.67,-32.794712847169386,148.00211391967548
380,bilma,43.57,43,0,1.22,19.625500003323737,11.239401417201435
381,gigmoto,78.85,100,0,10.67,14.704736318717622,126.0771264407648
382,boa vista,67.64,93,20,1.17,3.9920857012622832,-63.19051837003116
383,mantua,77.9,100,0,3.07,22.732027390887637,-85.47478863355127
384,fort nelson,-13.63,56,56,3.02,59.30567183244031,-125.82904105658632
385,tsiroanomandidy,70.84,91,12,1.22,-17.858154090306854,44.605416703764774
386,punta gorda,75.2,88,20,3.22,16.01416679666991,-88.9255008201784
387,xam nua,64.4,86,0,1.17,20.684689508740732,104.48218977058337
388,tchollire,59.14,60,0,1.82,7.749967547207177,14.385214301972951
389,itarema,79.03,100,76,3.87,-0.6516146841640023,-39.55439421643271
390,port lincoln,43.07,96,44,12.57,-52.084555497697465,128.14361423968938
391,saint george,71.74,100,80,3.62,26.281605421846606,-58.985238626243216
392,bulawayo,69.94,62,8,5.82,-20.08087060887597,28.383834377615244
393,zeya,-16.06,69,0,1.32,54.35211584110493,128.68738788843496
394,davila,77.23,96,0,8.87,18.743088689634888,119.23391632148059
395,marcona,70.07,100,48,4.17,-22.973860049815045,-84.9675784710684
396,muros,55.67,100,8,12.97,42.01853991543342,-12.909743711586998
397,mahon,57.92,93,12,8.07,40.597843987154334,5.8816232246514915
398,bayshore gardens,71.38,100,76,4.32,26.043530375375994,-85.69575858627498
399,dunedin,46.31,96,88,17.57,-55.561408541072154,177.8774485553086
400,satitoa,83.44,100,88,5.37,-14.753727156668504,-165.15758324337315
401,nemuro,55.45,100,56,15.47,34.784822951458395,153.03562116252579
402,huarmey,73.22,100,0,2.52,-13.84505190412159,-84.39215929468172
403,belushya guba,-41.08,0,0,0.72,73.29820628591011,55.09936503642163
404,sokolo,57.7,39,0,1.92,16.801773033618375,-5.937222217323836
405,tanete,83.21,100,12,0.52,-5.675915178362118,120.42815476652873
406,tabalosos,62.6,290,20,0.77,-6.023920115089808,-76.50830046006509
407,zhezkazgan,-9.17,65,8,1.32,48.59532282059084,67.96590936946015
408,saint-pierre,55.76,100,64,8.42,39.83947377382373,-55.93649357924609
409,isangel,79.34,100,92,6.52,-20.375239730060827,177.8958216709487
410,monte cristi,76.78,100,80,9.97,20.56968495839169,-71.2023415665635
411,cidreira,77.09,97,64,2.72,-32.44312817168687,-48.392758127427754
412,los llanos de aridane,64.72,100,20,6.67,31.42618976231742,-23.692033043782686
413,berlevag,12.25,88,80,9.02,82.21270297418297,30.72264146056162
414,san andres,79.34,100,88,4.87,11.840837887303863,-81.64621417763954
415,guatire,78.35,98,8,8.77,11.714517201351512,-65.79852684167429
416,yartsevo,32.09,99,80,3.37,55.32650255193528,32.74396625629382
417,karratha,86.0,74,0,4.6,-20.685231001154307,115.86891500092196
418,kilindoni,82.49,100,48,4.12,-7.89404452275204,40.78771337897538
419,key west,70.52,92,0,6.22,25.27403247056037,-81.9789003015934
420,aqtobe,-7.6,83,0,1.0,50.177798966350025,56.59606907853916
421,yar-sale,-12.55,62,0,3.62,73.5358213731478,70.31018632852667
422,sheffield lake,9.25,72,1,2.6,41.54117345803451,-82.10530253809989
423,muravlenko,-50.98,0,0,1.37,64.25320598345382,72.60150558348792
424,galesong,82.67,100,24,4.32,-5.550804555899788,116.91038319063239
425,dangriga,78.71,100,92,6.52,16.606588743366956,-87.60772119992389
426,las palmas,72.19,74,0,1.22,8.197800605020205,-81.37532791107058
427,kivertsi,33.62,90,36,5.42,50.60047557930238,25.325767888659016
428,andenes,36.77,100,48,9.87,72.86073147992698,16.390555259101404
429,coquimbo,69.49,100,88,2.77,-26.463491269398148,-86.41204837338302
430,aitape,82.4,100,64,9.42,-2.0408482892991344,143.07403337344488
431,vanimo,81.19,100,56,9.52,-1.7810268432741054,140.93551113247264
432,tura,-45.13,0,20,1.32,65.27866351118806,101.10011643634891
433,natchitoches,57.43,95,90,2.37,31.57339088772953,-93.55841165828943
434,shagonar,-20.87,79,0,0.72,51.923033268358324,92.690897460771
435,anar darreh,39.56,91,0,2.22,32.80109523567222,60.44582386748269
436,simao,55.49,58,0,1.12,23.88771864223257,100.27370765454936
437,bonavista,25.7,100,76,14.17,52.15062797985155,-49.20217115766482
438,felanitx,53.6,58,0,10.3,39.43920270469437,3.0528530477003812
439,oriximina,71.38,97,24,0.77,0.5724158228103704,-56.70780083177125
440,kamenka,19.85,100,20,10.62,72.83979979916379,44.93767369399242
441,half moon bay,59.14,100,44,12.72,31.224787062379747,-132.58377433300674
442,kobryn,35.2,97,92,6.27,52.27076752775159,24.819509782081354
443,muzhi,-43.19,0,0,2.57,65.66054116564248,64.19957620712933
444,lasa,-2.15,71,20,5.92,33.15527136676016,88.9196880780284
445,saint-denis,81.41,100,92,5.27,-18.25210464046951,54.808677403913066
446,iranshahr,55.63,100,92,1.37,26.396006690858215,61.35467846819458
447,greenlaw,29.19,86,40,2.1,55.82745589215946,-2.5537630442021566
448,north bethesda,20.46,70,90,2.6,39.044902286248714,-77.1189937833776
449,bodaybo,-22.4,60,32,1.27,57.458437738118306,115.0243756214947
450,tiarei,83.21,100,12,8.42,-14.427005186012536,-146.77926044376693
451,bambous virieux,59.0,100,76,2.77,-39.533579421868964,82.40118763587236
452,sundsvall,12.2,85,92,5.7,62.33208145623058,17.61810292256098
453,khash,50.5,88,0,3.92,28.523201567000896,60.11828482615647
454,cabedelo,81.32,100,64,4.92,-6.3059326113092595,-32.15074033450853
455,oktyabrskoye,-36.08,71,0,2.52,63.48154229313013,66.39224316098085
456,lata,81.82,100,20,3.52,-9.35641767429324,164.15228375138122
457,rawannawi,84.2,99,8,7.47,3.6861590935808124,177.47420646953952
458,oktyabrskiy,6.35,52,80,6.72,49.402037968928454,118.70834381997412
459,kikwit,69.26,95,48,0.97,-5.565900041406138,17.774598211034373
460,bubaque,81.19,100,32,4.02,3.604653489323397,-23.645253410614146
461,ajka,46.74,66,0,6.2,47.12081619554721,17.58233424418492
462,roma,80.92,51,92,6.12,-26.06557135483264,143.89012394339437
463,aguimes,50.9,93,0,3.82,24.159202640144684,-14.932721611231386
464,ulladulla,71.51,100,8,7.22,-37.22585215171775,154.68362897475407
465,okhotsk,9.82,100,80,8.17,58.17552726602321,141.58564334723144
466,linkou,20.8,33,48,1.52,45.281610956702934,130.21866311381734
467,ngunguru,71.02,100,88,5.82,-32.29511801980377,177.32873310597222
468,itoman,72.37,100,8,9.37,20.90264443751174,129.78867869655096
469,merauke,82.4,100,64,5.92,-7.69248648822952,139.3644428418503
470,skalistyy,27.86,100,36,8.62,73.69771169364685,34.95865539720296
471,guerrero negro,67.19,100,36,3.37,23.443839993489235,-117.80584723436888
472,pauini,75.97,96,92,1.32,-7.144158185617485,-66.10935378761137
473,jarjis,57.2,82,0,4.1,33.33550200671503,11.146364936477227
474,salalah,54.95,82,0,1.27,18.771931115578553,55.21954392898709
475,amarpatan,57.2,84,24,1.97,24.20465913819956,80.90076086288485
476,kuzino,17.96,91,80,3.77,59.57881371890426,37.961330181133434
477,viransehir,38.75,92,0,4.27,36.945446932872215,39.71181952286361
478,hastings,42.69,66,1,5.1,40.17446312786103,-98.36841854741724
479,buriti bravo,75.65,90,44,1.17,-5.554134651522929,-43.70061122475971
480,russell,75.79,100,20,7.67,-26.409887826612874,178.42061777003158
481,asau,83.75,100,80,6.12,-12.74680810047633,177.22630265157972
482,itatskiy,-40.81,0,24,0.92,55.81014416815589,88.75821111088197
483,saint-augustin,-0.4,97,44,13.37,55.057094137892335,-58.168023049542015
484,uberaba,81.27,45,0,2.6,-19.410357924123502,-47.97847944553851
485,mullaitivu,77.54,99,92,5.47,9.179237066429707,81.12230324232064
486,astorga,32.0,81,12,5.7,42.31039585177601,-6.250673187812026
487,union,75.7,100,92,3.72,9.77266724409462,126.12294019806541
488,bakhmach,32.32,99,92,3.42,51.021927181423905,32.71197284844851
489,ondjiva,64.67,98,76,0.87,-16.383814531988975,15.18542125394032
490,barawe,78.8,100,20,4.12,-3.687582327055466,48.24718845061412
491,dillon,32.52,51,1,8.2,44.944060992009554,-111.80303060922071
492,luwuk,82.9,100,24,0.32,-0.7881125577236219,123.75807978236304
493,cheney,33.66,95,90,1.5,47.834316522291005,-118.34294281829517
494,nalut,48.88,41,8,3.77,30.10565122489153,9.16371736772038
495,neuquen,59.68,34,0,1.32,-38.66365643798416,-69.437592311495
496,houma,68.9,83,20,3.1,27.516585402990344,-90.00824070378069
497,nouadhibou,66.34,100,92,7.47,24.56938003892337,-18.567392731904818
498,kumluca,58.69,100,0,1.77,36.16906860766284,29.864511850914965
499,bataipora,78.67,80,8,1.52,-22.0751314001958,-53.12470578064192
500,tammisaari,28.31,100,88,8.87,60.107280219299156,23.713958594904398
501,parnamirim,81.45,74,20,5.7,-5.935423420141987,-35.15813618590303
502,tuatapere,57.11,100,92,10.87,-46.75298337016906,167.23505540334645
503,arman,30.29,100,92,16.72,54.476055431307316,148.80629613545716
504,komsomolskiy,-7.73,89,32,2.32,67.00948470668959,174.29925389755385
505,ostrovnoy,25.39,100,44,9.87,70.87185073628967,39.315897598036344
506,biggar,-2.2,70,90,6.7,51.82430523595443,-108.32922134892236
507,ponta delgada,66.88,100,24,4.62,29.021930353234723,-27.077722944394566
508,yima,35.83,95,68,2.87,34.696615478849495,111.9949627087696
509,lorengau,81.19,100,68,8.52,5.062801865325682,146.2285129423213
510,kasba,62.42,63,0,2.02,25.747177496196315,87.59178764439321
511,dataganj,52.34,84,0,1.32,27.98126248405167,79.41468255105258
512,gashua,64.27,43,20,4.22,13.033358771489333,10.982931052290354
513,preobrazheniye,33.13,100,0,5.12,40.63961852705842,134.51685422196823
514,sao joao da barra,80.29,97,48,8.57,-29.46311131178222,-28.8249699780917
515,ukiah,54.14,100,92,15.02,39.167315650509636,-124.32129008637654
516,aktash,-33.16,43,8,0.82,49.60140173647204,87.53449543178647
517,avera,77.14,100,92,4.57,-25.66422031869817,-154.88429713247444
518,ledegem,37.81,86,75,5.7,50.873754143552475,3.127546372566769
519,karauzyak,5.27,77,0,5.87,45.39233148920499,58.7106512728858
520,qaqortoq,24.44,100,44,13.12,59.05186191800348,-48.499042974936515
521,kibuye,61.3,91,76,1.22,-2.005643728826115,29.39321808259254
522,gushikawa,68.99,100,0,7.17,23.24205094182095,133.16536046905077
523,cairns,86.0,79,75,4.6,-17.02926175762201,145.99880227921915
524,beauvais,36.7,100,90,3.1,49.56889216349586,2.1645415936857546
525,dali,55.31,50,0,0.92,24.72483263349008,100.0461933986719
526,erenhot,20.8,50,0,8.62,44.62921856130362,110.17438581511362
527,piacenza,35.17,100,75,2.1,45.05634447291041,9.642809475936417
528,tall kayf,38.75,90,76,1.17,35.71935997241653,42.73013635961223
529,taltal,69.67,100,0,2.87,-24.991786256041607,-70.86928242207154
530,dzhusaly,12.65,85,0,4.67,44.95953662287832,63.17127259917845
531,great malvern,31.06,91,20,6.2,51.95815479306745,-2.281858928825102
532,buta,70.48,94,8,0.92,3.2815478440354724,24.407831816282794
533,mendi,68.05,77,24,1.27,-5.966179182530283,143.7286132371816
534,tidore,82.0,100,76,7.97,-0.2576766551570273,126.64058775361855
535,ust-tsilma,-3.32,76,68,2.67,64.81696516419149,51.58997275765091
536,inta,-29.2,47,56,2.27,63.496907863604264,60.03854174903918
537,garden city,37.11,80,1,6.2,37.59763161161044,-101.43186572466814
538,khipro,47.17,94,0,3.37,26.310758819798778,70.0341305936816
539,nizhnevartovsk,-43.6,64,90,1.17,60.3412851123841,76.53621310168734
540,labuhan,80.15,100,48,1.22,-12.001987096175029,100.51527786114144
541,katherine,95.9,47,8,2.27,-17.806652167936136,132.63167215774098
542,yeppoon,80.69,100,64,5.12,-17.285977941997913,156.15458624673363
543,coihaique,53.02,97,92,2.72,-48.938520448509365,-75.55850847309047
544,koslan,6.22,73,80,2.72,64.66209668340474,48.63293066193626
545,roald,41.54,100,36,8.57,65.39708273267271,5.0565732429842
546,lakes entrance,69.71,95,0,9.77,-39.44311884777273,149.88556570061417
547,sechura,75.02,100,20,3.77,-10.034750789681667,-87.90403764047372
548,wanaka,59.9,100,0,10.62,-43.131056083801866,168.55722347242073
549,hofn,29.17,100,56,9.02,69.94204213953216,-9.66387927397011
550,svetlaya,22.91,100,0,12.12,45.44870793158711,138.31860501574045
551,new amsterdam,75.56,89,76,2.67,5.863952366746062,-57.67283971045114
552,visnes,39.2,69,44,6.2,58.74313897244457,2.808287337378289
553,amapa,80.2,100,24,7.52,3.9327676732620773,-48.01135050818826
554,constitucion,73.49,100,64,2.42,18.659902211471064,-122.25911023963891
555,ardistan,27.77,65,12,1.52,34.16551473901416,52.310792780798664
556,mount isa,82.72,100,64,11.42,-16.82362796020412,140.67905906610167
557,sinegorye,-14.26,59,68,3.87,62.37869275143916,150.21008545796604
558,nazare,84.2,70,20,5.1,-13.094259722243521,-38.88749263733641
559,mogadishu,77.09,100,80,5.87,-1.2640949744736076,48.563242317702475
560,mutsu,26.6,53,75,10.8,41.69996118467242,141.37677315635386
561,farafangana,79.52,100,88,4.22,-22.8486434519305,48.68390634011615
562,abu dhabi,61.57,68,0,2.02,22.08705560192692,54.155283702729605
563,gat,48.56,52,8,2.77,26.413308397129228,6.581411662064141
564,linfen,29.8,53,12,3.77,36.645766205793876,110.64388755960869
565,san patricio,78.35,100,100,6.72,13.163835608480255,-109.93929632946057
566,zimovniki,26.83,96,76,2.62,46.74002085597078,42.98792366905181
567,nampa,39.2,86,1,3.1,42.96504384569792,-116.70493471101595
568,maragogi,78.4,100,88,6.27,-14.46490475372174,-26.83448592481301
569,morro bay,59.05,96,92,13.57,33.40712670943819,-123.67447780626804
570,shache,-5.48,51,0,2.07,36.96688452071115,77.13164888064773
571,taoudenni,46.67,45,0,2.22,21.831073432564978,-3.657105717401407
572,yulara,99.86,24,0,6.92,-23.986373176269325,129.72260145268945
573,lewistown,38.7,47,1,4.02,46.59287835546078,-109.35938979648473
574,mahebourg,75.56,100,48,9.62,-27.964781223952833,65.59913115250379
575,adilcevaz,32.0,96,75,1.5,38.64935441136822,42.87322885199538
576,brae,40.46,100,88,5.67,61.07398225462896,-0.37917500041956487
577,zelenoborskiy,-5.93,58,0,1.37,66.63051452030669,31.721776549698916
578,bargal,76.37,100,56,7.92,10.893969930343061,54.07394812508991
579,bacuit,80.24,100,8,7.72,11.910431124587276,117.95257350586559
580,quatre cocos,82.99,100,0,4.57,-17.44238694176417,65.60094508143445
581,lolua,81.14,100,88,5.82,-6.816509961742327,172.1870927704316
582,sobolevo,31.78,100,80,20.02,55.584798057808456,153.73812439513586
583,rio brilhante,71.51,95,56,0.87,-21.415628146123822,-54.46956415604788
584,acapulco,82.45,98,64,3.32,13.94391227738815,-100.99399297109207
585,saint-francois,77.54,100,92,6.97,16.93204983293525,-57.82077050350665
586,matay,39.47,65,0,1.22,27.464380630386316,29.198883485119296
587,port said,57.2,93,0,1.5,31.518177636682665,32.717052331012496
588,boralday,12.2,92,75,1.0,43.344311051198844,76.80910538213772
589,dumas,40.51,39,1,3.6,35.93956394338352,-102.67978936666852
590,prince rupert,35.6,64,1,6.7,53.66349125573649,-131.08554046365532
591,vestmannaeyjar,40.1,100,56,2.52,58.98920030387569,-22.27180000424744
592,papara,83.39,99,92,7.17,-18.252359484451517,-149.81562964260064
593,kajaani,3.88,80,48,2.47,64.94394165771675,28.186569278657657
594,grand island,41.07,59,1,5.7,40.922412997948356,-98.04198918729097
595,porterville,57.54,78,90,2.1,36.16331608818493,-118.9173373915267
596,egvekinot,36.73,97,44,5.47,59.851148992605005,-178.9102278321841
597,burriana,50.92,53,0,6.7,39.82009054626252,0.011470925450538516
598,hoquiam,49.46,100,64,7.52,46.59359396707566,-125.7400326724051
599,chahal,71.2,84,24,1.92,15.94033359119176,-89.51715339482631
600,goure,62.96,45,12,4.52,13.842247046475975,10.81800389402386
601,gorno-chuyskiy,-30.73,49,20,1.47,58.28619103392995,111.73822647986373
602,ust-kamchatsk,32.14,97,92,5.57,56.69534056192987,162.45852846327506
603,tubuala,80.15,100,64,7.17,10.480885698352708,-79.2130638040721
604,kaniama,65.84,98,56,1.87,-8.54386130310705,23.34848358512437
605,lengshuijiang,50.36,93,88,1.67,28.01193768535424,110.70886545478606
606,amur,66.79,77,0,1.77,18.75798254982452,78.45775601423776
607,ksenyevka,-18.71,72,24,1.42,54.82588710714546,118.12104453560812
608,gaya,69.89,42,12,2.52,11.305457627974093,3.976032011311105
609,dicabisagan,75.02,100,100,9.52,17.921989549458758,124.84776940956175
610,verkhnyaya salda,-1.03,79,88,2.02,58.008763880246335,60.582396416816266
611,touros,78.58,100,92,2.67,-2.312243794509399,-34.362987675149725
612,valdez,78.8,88,40,2.1,0.8528241041958324,-79.12738068556907
613,haines junction,19.94,32,1,7.7,59.89181717950095,-139.00613665091407
614,ouargaye,66.52,86,0,3.67,11.504088928085721,0.7960716181910641
615,leningradskiy,-14.39,66,68,8.17,85.25106648072159,178.54773584904586
616,xintai,39.52,66,88,5.52,35.96715264117071,117.78466693064058
617,russellville,49.46,87,90,1.57,35.700769649833205,-93.00565531834985
618,shirokiy,-24.38,65,56,2.42,64.52060447481227,147.47059439518887
619,brownsville,69.58,100,88,5.82,25.66256375209872,-94.31468359985277
620,hami,9.41,72,24,4.22,37.02056551683134,92.22922945523305
621,nizhniy odes,-11.6,57,68,2.87,63.66638578745142,55.21347152682475
622,paez,52.16,97,36,0.57,5.102806822317234,-73.10575398178368
623,sile,48.79,92,0,4.92,42.28897077808867,29.71182363622094
624,labrea,74.62,95,92,1.07,-7.52484597946021,-64.86152773013117
625,alad,76.6,100,76,9.02,12.8572683190892,122.30944887596286
626,talaya,-8.68,73,64,6.62,60.35491614444524,153.45536834423405
627,majenang,78.89,89,76,1.52,-7.379806985279799,108.66351704950932
628,mirnyy,-35.41,65,32,1.87,62.49597089281522,113.79336872076118
629,korla,-7.01,77,20,4.67,37.142461002570954,88.0730977137896
630,meyungs,80.92,100,48,7.02,8.939689150060545,131.99981619543712
631,dianopolis,76.64,62,48,1.42,-11.806503692828926,-47.33322095928236
632,camabatela,66.47,98,92,0.97,-8.323295104913157,14.847008258416622
633,praxedis guerrero,55.04,35,1,4.1,31.398269248659545,-104.92836687449658
634,viana,80.6,83,0,4.1,-20.330795209109397,-40.49082862447182
635,port hardy,50.09,100,48,11.07,41.61856275726444,-140.69136098725863
636,zhigansk,-46.3,0,20,0.92,68.1746800049657,125.39243463391864
637,inyonga,62.87,98,76,1.22,-6.790562147353768,32.06220053203836
638,the valley,73.67,100,0,4.22,24.5660886290529,-60.32944438210163
639,chinchani,72.14,100,0,8.92,20.089134760113822,71.82447736411982
640,scarborough,78.8,100,0,7.22,10.632120948644712,-59.02167281507546
641,bac lieu,78.8,100,80,9.57,8.063945172338904,105.75073197240852
642,umzimvubu,39.7,95,92,9.72,-52.205809034072495,46.343395021378456
643,kurud,57.2,87,0,1.5,20.696816603079654,81.7463230633104
644,la rioja,59.77,100,88,1.22,-30.26740192128554,-67.94505222238797
645,puertollano,39.25,88,88,6.02,38.6453880772161,-3.8677379293724528
646,lagos,84.25,99,0,5.02,3.955433751026746,3.7173333063509233
647,kemijarvi,-11.2,76,90,0.5,68.18455166994156,27.469391704016772
648,pedernales,77.72,100,12,2.02,0.32765843837738373,-81.2279757749486
649,belaya gora,-29.69,49,64,2.52,67.85996192390883,144.76785301302067
650,batagay-alyta,-37.97,0,12,0.87,66.98079344622346,127.64130904144918
651,hearst,-3.05,75,88,5.17,51.35425186066175,-83.65831748992845
652,margate,62.24,100,88,8.27,-38.46854946621808,38.75980957858408
653,grao mogol,76.33,56,8,3.22,-16.782898281493914,-42.88916329100624
654,aklavik,-12.73,82,24,4.82,72.70749469385709,-140.7996138150042
655,kutum,47.3,77,0,0.52,13.194971561990911,24.68002409677331
656,bardiyah,44.83,62,32,2.62,30.078360583216735,25.520104407833742
657,nicoya,81.59,100,12,2.22,7.184618195852693,-87.01411742216749
658,sestri levante,51.22,100,92,4.67,43.78752070004765,9.432199284204813
659,kensington,11.53,90,0,11.22,47.35715571870662,-63.13767128617688
660,stepnyak,6.17,79,88,4.52,52.915351944228775,70.6873008873321
661,shimoda,69.58,100,24,5.82,23.4515318910548,141.74112370934125
662,la ronge,-21.46,60,12,2.22,57.64308173780003,-107.05286164433005
663,kikerino,26.2,91,88,2.82,59.198199565648935,29.678077269983447
664,sola,82.85,100,56,4.32,-14.550707918766278,173.66102911432495
665,saint john,12.2,47,20,6.7,45.074903826464805,-66.34876907952116
666,emmett,35.06,69,90,1.5,44.956907877065504,-115.23550021179692
667,jutai,74.66,95,36,1.12,-5.597084341206397,-69.18507064828955
668,cururupu,79.39,100,88,6.02,2.7418680922528154,-42.85173943721637
669,cirebon,80.96,100,12,3.22,-6.6025140485313045,108.64955640638482
670,boa viagem,68.05,97,36,1.52,-4.942864577866857,-39.90672538022733
671,poum,80.42,100,68,5.42,-16.99890420681001,161.06105876615015
672,razdolnoye,35.06,99,80,1.22,45.78982869928694,33.368231914259866
673,tshikapa,69.94,90,80,1.12,-6.582067369018418,20.531670544367472
674,utiroa,83.12,100,8,3.67,-3.8889891868949604,172.45406178290307
675,talara,78.58,100,0,3.02,-5.073262480449941,-86.3221077652062
676,kayes,65.44,61,0,1.47,14.810145429081501,-11.857253232323814
677,nyurba,-41.57,0,12,1.47,67.9304488071048,118.47440439601434
678,arlit,45.05,52,0,1.37,21.56827533400063,6.117703802625272
679,dothan,50.77,80,90,2.52,31.52858535613619,-85.23442976936401
680,panama city,61.7,100,92,11.97,29.569474695832312,-86.13304168936416
681,takoradi,80.83,100,64,4.47,2.9141604886052335,-1.4908314366178388
682,charleston,52.38,76,75,2.6,32.17068821753426,-80.01680366800709
683,acajutla,78.4,100,0,6.92,8.574432804734272,-91.57391793882363
684,vanersborg,30.2,100,88,3.6,58.43552470998259,12.290264050434502
685,jalu,37.09,66,0,1.22,25.32428679539497,25.219378691285527
686,shingu,63.32,100,0,5.07,27.54715291393444,138.64793284931403
687,bariri,85.05,48,0,2.6,-21.93395293436582,-48.71661358044861
688,tual,83.89,98,44,10.97,-7.971042617372348,132.3012747273815
689,batemans bay,63.37,100,20,3.67,-42.06095717099121,156.56457319004954
690,mareeba,77.99,100,92,7.77,-15.998434288466655,141.77238937876712
691,mehamn,-19.3,86,32,5.92,87.94199024200157,30.31667359981617
692,san juan,75.65,100,0,6.82,22.551307883716674,-65.49676077760606
693,assiniboia,10.31,86,80,4.12,49.55086410759884,-105.83109362502829
694,petrolina de goias,71.6,53,0,1.5,-16.01235735403435,-49.442128933026254
695,pisco,71.06,100,80,5.22,-26.038344736597267,-91.98798585096478
696,tawkar,62.92,94,48,0.57,17.249483313967303,38.37954117716214
697,kodinsk,-31.22,52,24,1.52,59.15071203271785,99.64810091963346
698,natal,81.77,100,92,2.72,-3.9442827095264477,-29.827202922992285
699,krasnooktyabrskiy,15.71,90,92,1.52,56.8295750736778,47.710237926369786
700,mangan,19.72,60,0,0.42,27.466754991874012,88.63609590111258
701,villarrica,57.56,50,0,1.52,-39.784707583049595,-71.08441487566856
702,mtwango,61.3,98,48,1.47,-9.039530957524235,34.83577518687281
703,kewanee,11.25,84,1,3.87,41.27506997063048,-89.61751404848359
704,noyabrsk,-42.02,0,36,1.42,63.291358295278286,76.10973311312841
705,lodwar,72.19,60,0,1.17,2.857925477177247,36.12925293757041
706,porto velho,78.8,83,20,2.1,-8.821017613251698,-63.72989703280862
707,bahia honda,73.4,97,0,6.17,24.893038166880004,-84.15209425823268
708,laguna,77.36,97,36,4.92,-32.29842944715268,-43.762485359458026
709,ajdabiya,51.8,49,0,3.32,30.255358619614086,20.543087606071936
710,idrinskoye,-24.47,72,44,1.82,54.290074506284185,92.22249761359535
711,borehamwood,33.8,96,20,3.1,51.57073567396449,-0.27040826268230944
712,sikasso,68.32,71,8,0.97,11.259010892134498,-5.406175339790366
713,eyl,77.99,100,0,6.57,4.542567092503617,54.60189178959368
714,saint-paul,81.28,100,64,7.97,-20.979410235595225,53.25650548177569
715,abu samrah,60.62,64,0,2.97,23.186997652627113,49.07207105677924
716,kuche,-8.23,100,44,1.07,36.57840493835829,84.52502518653006
717,gari,-5.75,72,80,1.97,59.3103353412323,62.12882104557252
718,san clemente,49.6,61,0,0.92,-35.759296603749895,-70.89625999553174
719,mercedes,73.0,47,0,3.12,-34.108100861016624,-65.44570280984996
720,nara,58.19,42,0,1.77,16.24205225052134,-7.4856464094613955
721,formoso do araguaia,75.2,73,0,0.5,-11.761021584697502,-50.36984924615416
722,bratsk,-34.6,73,32,3.0,55.91712813888853,102.13042507482737
723,oksfjord,24.13,100,12,8.62,71.08317536691038,22.115249991176796
724,duzce,29.8,84,0,1.07,40.75430895218409,31.142923442700692
725,wieliczka,39.2,80,20,3.6,50.18014324485131,20.24972506230401
726,da nang,75.43,98,64,3.87,16.789033494044034,108.73574852537786
727,portland,53.42,94,92,12.72,-47.121874105642235,137.94842901558485
728,hobyo,78.22,100,76,8.72,3.779920144626743,52.19130653439154
729,kisesa,64.27,74,24,6.82,-2.9096409363316553,34.774410873437574
730,kyenjojo,57.11,76,0,1.47,0.4022484219468083,30.916637829508602
731,bambui,68.05,84,44,1.07,-20.38958534173203,-46.1933314087959
732,bristol,32.09,94,0,5.7,51.54724607868488,-2.653161129524449
733,sjenica,55.4,71,90,7.7,42.820343321914635,19.818763332787995
734,casambalangan,76.46,100,80,9.32,18.319287993375042,122.45364338042236
735,krynychky,33.13,97,90,1.47,48.29229608419985,34.64262564785582
736,rio grande,67.33,100,8,5.72,-37.17774260194397,-46.34069328150642
737,kasamwa,71.6,88,40,1.02,-2.632937930719862,32.46398235302661
738,jinchengjiang,57.02,97,80,5.12,25.016401670892122,107.21671971225538
739,nhulunbuy,83.3,100,64,12.32,-9.860705933363093,136.6042135248706
740,sorvag,34.52,100,32,3.57,64.37266453605201,-9.8608041186597
741,arco,34.18,100,75,1.0,45.947277275261314,10.811633217912146
742,manta,78.8,100,24,0.62,-0.05586135116966773,-83.25626852112352
743,masallatah,65.8,84,0,7.52,33.277405847463015,13.892910881813663
744,bossembele,69.13,73,0,1.97,5.710989228776086,17.325496175222526
745,poronaysk,15.89,93,88,16.37,49.20762585652909,145.2555076105989
746,stromness,41.72,100,36,7.32,59.95295679441983,-4.442034750374489
747,shiraz,37.4,86,0,0.97,29.16688545219006,52.803310131078945
748,puga,66.2,77,75,0.82,21.94236923593077,-104.49998275710452
749,mega,53.29,69,0,1.92,4.078316230879082,38.70435384665538
750,tucuma,78.85,100,80,5.92,1.002281014007309,-49.548251072602085
751,tatui,76.24,56,0,2.97,-23.31320279209389,-47.92491409898432
752,bucerias,75.07,100,64,2.12,20.22410727065747,-107.45567733217095
753,mananara,80.24,100,80,9.02,-16.328785573340753,50.24445669388257
754,buala,83.84,100,32,4.82,-5.555958782994452,159.6587051056435
755,sao jose do belmonte,78.13,72,68,3.57,-8.110930973232257,-38.766767292625445
756,tecalitlan,73.4,56,5,1.42,19.299257951141286,-103.12089726817219
757,camotan,64.04,92,0,0.87,14.761455925959709,-89.27364480426625
758,tokur,-20.96,52,36,1.32,55.64862458469639,132.4171299472851
759,rio tuba,80.92,100,0,6.92,8.364710848422916,117.16771611367966
760,thanh hoa,71.15,100,0,0.17,19.260746693767075,106.84441991245188
761,guaruja,82.22,100,0,7.52,-25.172561660139095,-45.71717858259143
762,cockburn town,73.9,100,92,10.42,24.683611718968052,-74.1843653256277
763,kamaishi,48.25,100,44,18.82,36.93868517617864,145.30147472220028
764,sisimiut,5.68,99,80,18.62,65.70075672635463,-58.52460445450771
765,novosysoyevka,16.97,49,0,1.32,44.2172346550453,133.3874260637815
766,bayeux,39.79,93,90,8.2,49.61725196242679,-0.46971843273701097
767,zagare,32.0,94,90,5.7,56.354886147793366,23.135062776855904
768,mocambique,80.65,100,56,2.77,-15.862374356735884,41.09088909472865
769,nabire,82.27,99,8,6.47,-2.44900726904946,136.17237761412935
770,chapais,-10.66,70,80,9.72,53.2540584848644,-76.27381527724316
771,oranjestad,78.67,100,24,9.52,13.7598883420618,-70.36715703207503
772,batticaloa,79.07,100,48,5.67,9.354649946307205,85.8777188688012
773,zyryanka,-16.73,72,88,4.37,64.95080539144374,152.46606096430122
774,igarka,-40.45,91,20,3.37,68.38286601541247,86.27341458440878
775,gangotri,-15.25,53,32,1.42,31.764061257920517,79.30382737129833
776,capitao poco,73.54,100,76,1.42,-1.7975818698630803,-46.85401593509113
777,maniitsoq,32.9,100,12,16.72,62.87568939798865,-55.92648453181275
778,andapa,69.71,97,88,1.22,-14.686561750514514,49.77355442227727
779,derac,76.24,95,0,7.12,19.64093202455173,-71.99270885935987
780,paamiut,21.65,100,48,11.47,59.509995171325755,-54.268500926964194
781,santa cruz,81.5,100,0,1.52,7.148209787423681,-89.33217681598303
782,erzin,-14.48,55,20,1.87,48.77101793595983,95.06424170755008
783,ziway,51.89,39,8,3.87,7.837559922133295,38.47006348999008
784,ribeira brava,63.95,100,48,8.42,31.15443074824094,-17.49690154682378
785,kuala krai,78.13,85,20,1.37,5.347430837809341,102.00362708896631
786,jiddah,76.1,100,12,7.97,21.241401315303236,37.56231897869665
787,caravelas,82.09,100,92,6.62,-18.430606915778213,-35.1662699263272
788,teberda,28.94,100,80,0.32,43.207736054316115,41.6379116010861
789,tignoan,77.0,90,68,8.72,14.489245921976703,121.8080055013042
790,dudinka,-36.26,0,8,1.52,71.74482779289974,85.54754831147744
791,vao,77.32,100,0,9.37,-24.12581973901412,167.3950300570932
792,kargil,-4.76,73,56,1.02,34.68214690884511,75.75427047927349
793,warqla,57.2,28,0,2.6,31.610926883183694,6.7226761487680164
794,mashhad,16.97,71,0,1.17,35.38257889492388,59.49785429657314
795,ternate,81.5,99,20,8.47,3.1631170218811633,127.13259079697661
796,lima,73.04,97,56,0.62,-23.65249494354444,-56.11124232751382
797,nogliki,10.4,100,80,15.57,52.57566066521781,143.4710132012662
798,ruatoria,70.48,100,8,3.47,-34.19173991793156,179.8645152477461
799,bagado,77.0,94,90,0.42,5.546397886195734,-76.20224277514453
800,asgabat,42.8,93,90,2.1,38.53059600664986,58.61915933233942
801,grunwald,32.94,96,20,2.1,47.998968695197476,11.495129642618394
802,puerto del rosario,53.51,90,76,1.57,26.748701790638492,-12.131547168926943
803,buin,84.25,100,0,2.12,-7.092921383109129,154.57208633859648
804,kulhudhuffushi,81.05,100,88,3.82,6.833375243034382,67.73609506417543
805,zhenhai,46.4,70,56,2.0,29.82833797892995,121.70983276425085
806,turayf,28.04,76,0,1.17,32.59354319038914,38.467777292697946
807,blatec,21.88,77,0,1.12,41.857944049633545,22.560448054277202
808,talnakh,-28.52,47,8,3.87,72.02510480286844,90.19827994868604
809,alice springs,77.59,62,100,11.07,-23.296577120031245,136.72164312505072
810,jiroft,47.8,94,68,2.47,28.11846646484463,58.51429408657623
811,campoverde,74.08,96,92,0.57,-8.943469031692004,-75.05084264856582
812,puerto ayacucho,81.77,57,24,1.67,5.631590458056294,-68.28503488790975
813,luau,65.08,99,92,1.17,-11.352081894729551,23.16873514470646
814,mezen,1.94,100,76,8.77,68.34122206689969,46.17596234266918
815,yankton,42.98,50,1,3.6,42.627955628441725,-98.54721117814213
816,monoharpur,66.47,84,0,2.07,22.085885730713713,88.02020345047703
817,petrozavodsk,-4.0,83,44,3.07,61.437712322499465,34.210584235648355
818,chaumont,39.24,100,90,1.0,48.21672981890595,5.4585044018429585
819,gboko,65.39,78,8,1.32,7.166799367746236,9.348105363765114
820,tartus,61.3,100,0,4.17,34.82362016683082,34.94683551939431
821,riyadh,63.5,73,56,2.52,21.457430806034154,46.41268759299223
822,clarence town,75.65,100,64,7.27,23.270019344543215,-74.6681276310514
823,apollonia,57.2,71,0,3.6,36.67983816841999,24.88648982270513
824,shubarkuduk,7.3,77,0,5.17,47.83933970954422,55.17803326944829
825,sorland,40.78,100,80,11.87,70.89584236440746,6.186260477022898
826,druzhba,34.61,93,92,1.37,39.90523688317748,60.73035379453776
827,ust-barguzin,-13.9,100,24,3.32,53.8245985605987,109.07368664874087
828,gedo,40.55,65,0,0.97,8.442434962598654,37.130243583277235
829,krasnaya gora,32.95,99,88,2.82,53.59979582416534,31.262067315731315
830,lagoa vermelha,69.71,94,32,2.07,-28.432087866889177,-51.67618719106645
831,zelenets,-2.2,84,40,3.0,62.102620697167964,50.64572291604213
832,charters towers,72.41,99,100,7.97,-20.135724088493077,146.36689327856527
833,klupci,52.03,71,68,3.07,44.50125639981678,19.255070666561494
834,mahenge,71.51,98,64,0.52,-8.42903464251168,37.540332247561025
835,sa kaeo,84.88,44,64,3.17,13.926792077868853,102.2109473665044
836,zhanatas,11.98,70,0,1.77,43.18787437410094,69.44269788199756
837,yarmouth,31.15,100,24,8.77,41.48108148277029,-67.33200978005063
838,adrar,45.32,67,0,1.72,31.688816808080347,-0.8749352289291039
839,northam,95.81,16,0,3.42,-29.443344173531898,118.89400868403783
840,jamiltepec,81.41,100,24,2.87,15.599898176626255,-97.73749649288058
841,port blair,80.96,100,48,6.07,10.873205584765714,87.70600953916949
842,pilisborosjeno,41.0,100,92,3.6,47.58327082641668,18.98057185163657
843,mosquera,77.09,96,0,3.97,4.540808070218347,-79.96023565870836
844,wenceslau braz,73.49,51,12,3.27,-23.790368806423203,-49.71367589808375
845,nazca,68.99,81,56,0.67,-14.785841897132542,-75.10349146018292
846,kandrian,84.34,100,64,2.07,-8.018283910515152,150.28558482843556
847,troitsk,-4.85,54,8,1.32,53.818282906680736,61.294198935433826
848,tupik,-20.06,53,36,1.42,55.009203846705276,119.92680076664453
849,svetlyy yar,14.0,85,90,2.0,48.579655317919446,44.72285212671943
850,novospasskoye,11.21,90,80,1.42,53.23087944965971,47.77026460003913
851,yumen,1.67,67,12,1.27,36.06317150782441,96.75737115613902
852,tornio,-5.8,83,56,1.52,67.00701363806974,23.646972665139998
853,chabahar,52.61,94,0,1.77,25.78873754586658,59.24527422875434
854,bonthe,81.37,99,0,3.57,7.494997423634999,-13.031707804142002
855,tibagi,68.95,80,24,1.97,-24.56089759851099,-50.45895371010221
856,kargasok,-47.2,0,12,1.37,60.63940679204708,79.95987528266465
857,anchorage,15.55,77,75,0.72,60.8789811223252,-149.95126696079035
858,doha,66.45,82,0,1.0,24.993928963536547,52.04720293746752
859,balkhash,-8.09,78,0,3.57,46.94587000245647,74.80428254628606
860,sabang,82.9,99,8,6.07,7.115944580260873,94.36862980965873
861,shelburne,34.39,100,48,10.12,41.296810028267856,-65.6131012448905
862,pedasi,77.23,91,12,3.72,6.891518057872517,-79.62348376748407
863,vagur,40.19,100,64,7.72,59.81996201583772,-7.084798006490587
864,port keats,83.62,100,88,11.47,-11.91513000220992,127.31559245846563
865,ewa beach,77.5,100,0,5.22,11.304565917706796,-161.8380705178652
866,aasiaat,-12.5,77,36,1.07,67.95762932293246,-52.13963069617917
867,kjollefjord,31.64,100,64,9.77,71.14649128933826,27.327074158855453
868,anshun,64.0,66,0,5.12,25.966059523090195,106.12972875619852
869,sangar,-37.16,74,36,3.97,63.702449800315236,125.46838182583099
870,hornepayne,-0.26,65,92,3.87,50.911084486826724,-84.99679836575122
871,trento,28.4,92,90,7.2,46.15741997128558,11.1326237043057
872,amursk,-3.55,63,0,2.67,50.10909116562297,136.88785923839248
873,bintulu,81.82,100,100,4.67,3.5658339840598074,112.47508201387984
874,svetlogorsk,-45.35,0,24,1.32,68.08789245791229,89.9937279359487
875,pemangkat,81.37,100,92,6.27,3.063871128942509,106.94788286725009
876,rio gallegos,48.07,93,92,2.57,-52.58429351009406,-69.6695925570015
877,kalininsk,13.78,86,88,1.97,51.52446195191948,44.53677813448331
878,wahiawa,70.16,100,68,9.42,25.61353602009538,-156.97636555563452
879,gornyy,10.27,88,88,1.97,51.63891314467608,48.660497649148994
880,yambio,69.94,60,24,2.57,3.9270006723541826,28.85032300387209
881,college place,35.15,66,90,2.42,45.78342897718133,-118.46821343141367
882,tungkang,74.53,100,88,10.67,20.869943883282417,118.72833863210701
883,riachao,74.98,89,32,2.97,-7.46073510563437,-46.73566152924161
884,port-gentil,79.25,100,88,3.22,-1.0664570674306901,5.587556877365614
885,namtsy,-38.15,68,32,0.97,65.11587612692333,129.95399689345555
886,ciudad ojeda,75.79,50,0,4.27,10.539746614239235,-70.96538970268765
887,binga,73.63,92,36,1.07,2.1966117216389023,20.882185411996034
888,asnaes,35.6,98,88,3.6,56.150230126090236,11.444997512992586
889,tezu,59.99,49,36,0.32,28.076488088307883,95.8506666736182
890,inirida,77.09,90,8,0.82,2.957258524943498,-68.01279841652546
891,inhambane,81.19,96,12,4.62,-23.763534244088532,38.35849474169663
892,bambanglipuro,79.61,100,32,2.57,-10.295014582031087,110.23763439285148
893,angra,61.34,100,20,5.67,37.7221331856461,-27.65325447161888
894,natitingou,68.81,91,24,1.97,10.886851880257709,1.4158665059754583
895,ust-kuyga,-52.82,0,8,1.22,70.30271368312341,134.2457766006927
896,lejanias,52.97,91,24,0.72,3.657577738761475,-74.31825433374377
897,rivadavia,82.4,65,40,0.62,-33.43447832834958,-68.61925773434169
898,bella union,70.25,98,92,2.42,-30.37792107476077,-58.3906305340586
899,fayetteville,51.49,93,90,2.1,36.08471769936155,-94.16301560073036
900,la baule-escoublac,39.2,86,0,4.6,46.992412191392106,-2.3141400087814077
901,gornopravdinsk,-21.28,63,64,3.07,60.015466911090044,69.90848614273051
902,bougouni,66.2,54,0,2.27,12.086866973972434,-6.946129071329409
903,joensuu,-4.0,83,75,3.1,62.4169422622156,30.163478641430373
904,ambon,78.94,96,56,0.42,-3.5927601836554715,126.82245405150735
905,lesogorsk,-19.34,27,32,2.72,55.75265538823331,99.50320741832121
906,norrtalje,32.0,95,90,4.1,59.992652520194866,18.879908017546967
907,campbell river,27.64,85,48,0.77,51.537097592067596,-125.28080270895414
908,sandviken,26.6,100,92,3.1,60.75378200651602,16.542984655561185
909,siverek,37.4,86,40,3.1,37.911182171525326,39.19479604747664
910,jibuti,57.25,69,0,2.42,12.394247150735993,42.84535430266047
911,harlingen,37.49,93,80,10.8,55.24909249710046,4.852018037995634
912,cayenne,78.44,100,68,8.42,8.388260720476225,-47.41610059144182
913,tasbuget,10.54,80,0,1.37,43.82977945186653,65.19950432243596
914,husavik,28.0,100,20,5.22,72.90525278492035,-14.276905900908417
915,kamien pomorski,32.0,97,92,4.1,53.83838908588413,14.569595628500764
916,surt,53.06,33,0,5.42,29.955810996904475,18.055790936536255
917,palanga,33.8,86,56,3.6,56.05161603390812,20.871190541586856
918,siwani,47.21,97,20,1.57,28.904557569450077,75.5883452848501
919,sao jose da coroa grande,80.65,100,56,6.17,-11.566653768246027,-30.575886138383567
920,znamenskoye,-21.5,64,80,2.87,58.10454864171996,73.53942768524027
921,bako,56.17,62,8,0.12,6.331970755689397,36.775284252197025
922,zhangjiakou,24.4,32,68,9.52,42.55461875527439,114.20235944162852
923,cabanas,75.7,93,0,7.27,23.839719788228066,-83.09551849066636
924,sorong,78.62,100,92,1.77,0.6400742841868237,131.85038874193827
925,kadaya,1.94,64,0,3.27,51.119270529522936,119.35745231794357
926,kudahuvadhoo,82.49,100,0,5.27,2.1273305488286383,63.40584926420283
927,arica,32.09,91,44,1.02,-19.037549368465648,-69.17146852633668
928,kailua,76.32,78,75,6.7,21.04119603664121,-157.35146999583012
929,seoul,37.27,65,76,2.82,39.16474104296657,126.67755564596217
930,mariental,73.67,30,8,2.92,-23.856411015578388,17.834465436372255
931,solana beach,58.19,69,75,1.12,32.99276419140311,-117.25226601416824
932,san quintin,70.79,100,92,4.17,21.708773904563486,-126.42773506850381
933,nuuk,27.1,100,56,13.07,61.217023416867534,-54.318972709839
934,nikolsk,17.42,88,68,0.87,59.36714356513758,45.44193793635327
935,zafra,42.85,97,92,7.17,38.46010544349798,-6.625499982170453
936,gorontalo,82.27,100,8,1.67,-0.07188472244406796,122.49106880762173
937,el oro,38.84,76,0,1.02,19.78765449710606,-100.04026474463755
938,beidao,20.98,81,92,1.07,34.62338906802748,105.2810476667276
939,pangai,86.0,70,20,4.6,-19.917229861558937,-174.48551489272643
940,tevriz,-17.63,78,88,2.77,57.45514267223089,72.41765575045258
941,usinsk,-11.33,76,68,2.67,66.79664566398591,56.504962470649275
942,gasa,5.95,72,0,2.92,28.44378891709792,88.93334255016163
943,charcas,45.55,59,12,1.47,23.59781585118239,-101.34798123223138
944,san juan de colon,78.8,74,75,1.0,7.992131957950363,-71.99266597541158
945,bijar,21.74,74,64,1.87,35.791531389569684,47.93032193312678
946,tiznit,52.3,100,88,4.12,29.26102997119372,-9.480920890608928
947,flagstaff,43.99,64,1,3.6,35.668161151624616,-112.30590641406044
948,anadyr,24.58,86,92,6.87,62.49129194970482,175.21583993761413
949,chimbote,73.09,100,44,3.82,-13.2044412385154,-86.63262689499203
950,estacion coahuila,64.18,74,1,2.1,32.17223246320006,-114.82970547789805
951,mae sai,62.6,100,0,1.27,20.501564889910668,100.11387901046027
952,east wenatchee bench,31.66,88,90,1.5,47.568449984189726,-120.0185149982301
953,cuamba,68.09,100,92,1.57,-14.643376983574399,36.36370421414901
954,suez,35.06,97,0,1.42,29.350155725889053,33.27486569106415
955,jumla,-11.6,62,24,4.67,35.23180896676136,84.72126033272315
956,sakakah,40.69,60,8,3.12,27.93565297631052,39.39571249048305
957,comodoro rivadavia,57.88,100,0,8.37,-46.17206099001634,-66.05850227067887
958,pangnirtung,5.14,92,88,4.22,66.08796388697212,-66.69189257623154
959,ha tinh,71.69,100,80,0.97,18.50281752951433,106.70060224339466
960,papenburg,32.86,84,90,2.6,52.89266226838515,7.457150772413854
961,santa maria,68.32,100,44,8.87,21.213979585101143,-22.60351512482191
962,necochea,50.09,100,12,11.82,-48.07013471052548,-53.705981164029254
963,peyima,76.6,59,24,2.62,8.718023837877567,-10.911296233035955
964,kenai,17.96,88,1,1.5,61.044053389967814,-151.8079952450663
965,sumkino,-9.89,71,64,3.27,57.97240706730156,68.35465557516127
